title,description,url,label
Software Intern,No registration fee apply through company website,https://careers.google.com/jobs,0
Data Analyst Intern,Work from home internship no payment required,https://www.linkedin.com/jobs,0
Web Developer Intern,Contact HR on official email no fees,https://www.amazon.jobs,0
Marketing Intern,Pay registration fee and join immediately,https://cognifyz.com/internships/,1
Python Intern,Guaranteed internship after payment contact via WhatsApp,https://codesoft.apply/login,1
Campus Ambassador,Limited seats urgent registration fee required,https://applypaynow.jobs/account,1
AI Intern,Apply via LinkedIn official page no charges,https://www.linkedin.com/jobs,0
Business Analyst Intern,Telegram contact and fast earning opportunity,https://fastplacementzone.recruit,1
Senior Software Engineer,Submit resume on careers page no fees required,https://www.microsoft.com/en-us/careers,0
Product Manager,Official job posting on company website free to apply,https://www.apple.com/careers,0
Machine Learning Engineer,Contact recruiting@company.com secure application,https://www.ibm.com/employment,0
Mobile App Developer,Download app and pay startup fee to begin,https://instantjobgate.apply/offer,1
Frontend React Developer,Quick registration pay 5000 rupees instant job offer,https://joinearnmore.today,1
Backend Java Developer,WhatsApp only contact no email communication,https://cognifyz.com/apply/,1
DevOps Engineer,Apply through official careers LinkedIn no payment,https://www.linkedin.com/jobs,0
QA Engineer,Email hr@company.com for detailed job specifications,https://www.deloitte.com/careers,0
Data Science Internship,Free online training no upfront cost required,https://www.google.com/careers,0
Customer Support Representative,Job interview after registration fee payment,https://jobcashflow.recruitment/apply,1
Cloud Architect,Apply via official recruitment portal company website,https://careers.microsoft.com,0
Blockchain Developer,Telegram group urgent slots limited time payment,https://applynow.crypto-intern.com,1
Graphics Designer,Cryptocurrency payment only no bank transfer allowed,https://earnmorenow.jobs/contact,1
Content Writer,Write on official blog platform commission based genuine,https://www.accenture.com/us-en/careers,0
Virtual Assistant,Flexible work from home no investment needed,https://www.pwc.com/careers,0
Finance Analyst,Official HR contact through LinkedIn profile verified,https://www.ey.com/en_gl/careers,0
Supply Chain Manager,Apply resume portal careers established company,https://www.infosys.com/careers,0
Accounts Executive,Fast hiring immediate joining after registration fee,https://recruitmentboost.apply/pay,1
Digital Marketer,Unlimited earning potential WhatsApp group joining fee,https://careerpaylink.online/apply,1
HR Manager,Interview rounds through official portal secure screening,https://www.deloitte.com/careers,0
System Administrator,Company verified position apply with job reference code,https://jobs.cisco.com,0
Operations Manager,Urgent hiring limited positions payment for joining kit,https://applypaynow.jobs/recruit,1
IT Technician,Entry level position no experience required free training,https://www.intel.com/jobs,0
Network Engineer,Legitimate position official company website application,https://www.intel.com/jobs,0
Database Administrator,Apply through official database apply portal registered,https://www.ibm.com/employment,0
Security Analyst,Cybersecurity certified position official recruiter contact,https://www.accenture.com/us-en/careers,0
Technical Support,Work from home no fees apply directly contact us,https://www.pwc.com/careers,0
Business Development,Commission based genuine opportunity established company,https://www.ey.com/en_gl/careers,0
Sales Executive,Target based salary guaranteed minimum joining through agency,https://recruitmentboost.apply/pay,1
Marketing Executive,Direct contact WhatsApp verification payment needed fast,https://careerpaylink.online/apply,1
Executive Assistant,Official office location verified company reference,https://www.microsoft.com/en-us/careers,0
Finance Manager,Investment opportunity partnership scheme payment upfront,https://earnmorenow.jobs/contact,1
Real Estate Agent,Commission based legitimate brokerage office contact,https://www.kpmg.com/careers,0
Insurance Agent,Direct sales commission no investment required apply now,https://www.wipro.com/careers,0
Call Center Representative,Work from home flexible hours official company hiring,https://www.amazon.jobs,0
Receptionist,Front office position morning shift apply directly,https://www.apple.com/careers,0
Office Assistant,Administrative support role apply via company email secure,https://www.linkedin.com/jobs,0
Packing staff,Warehouse position piece rate salary daily payment,https://www.target.com/careers,0
Delivery Executive,Delivery boy wanted immediate joining urgent hiring needed,https://jobcashflow.recruitment/hire,1
Warehouse Manager,Inventory management experience required official posting,https://www.bestbuy.com/careers,0
Production Supervisor,Manufacturing facility supervisor position skill based,https://www.ge.com/careers,0
Quality Analyst,Testing position certification required formal company,https://www.intel.com/jobs,0
Internship Opportunity,Limited seats available instant confirmation WhatsApp,https://quickhirepro.jobs/recruit,1
Urgent Hiring,Fast placement guaranteed payment processing required now,https://jobcashflow.recruitment/hire,1
Work From Home,Unlimited earning potential join today WhatsApp group,https://earnmorenow.jobs/contact,1
Remote Job,No experience needed guaranteed income telegram contact,https://fastplacementzone.recruit,1
Part Time Job,Quick money high earning joining fee required payment,https://careerpaylink.online/apply,1
Campus Drive,Urgent recruitment limited positions register and pay now,https://quickhirepro.jobs/recruit,1
Career Fair,Guaranteed placement fast track WhatsApp only contact,https://jobcashflow.recruitment/hire,1
Job Fair,Immediate confirmation instant joining fee payment telegram,https://applypaynow.jobs/account,1
Company name,Founded in 1998 official website careers page verified,https://www.ibm.com/employment,0
Tech Startup,Founded 2015 office in valley careers portal apply,https://www.google.com/careers,0
Global Corporation,Established 1985 employee base 10000 apply official site,https://www.amazon.jobs,0
